t,goal_shoulder_pan,goal_shoulder_lift,goal_elbow_flex,goal_wrist_flex,goal_wrist_roll,goal_gripper,pos_shoulder_pan,pos_shoulder_lift,pos_elbow_flex,pos_wrist_flex,pos_wrist_roll,pos_gripper
0.0014948290008760523,2057,894,3015,2894,988,1402,2063,895,3017,2892,991,1406
0.004352759000539663,2067,896,3015,2898,1000,1402,2063,895,3017,2892,991,1406
0.03503709600045113,2053,886,3015,2904,994,1402,2063,895,3017,2892,991,1406
0.06845295500170323,2048,888,3015,2887,984,1402,2063,895,3017,2895,993,1406
0.101578296000298,2044,902,3010,2878,977,1402,2063,891,3017,2898,992,1406
0.13523384600011923,2050,942,2938,2885,944,1402,2054,891,3017,2894,987,1406
0.16839157800131943,2091,995,2927,2871,1053,1402,2048,893,3017,2889,982,1406
0.20173183400038397,2076,1017,2911,2849,1033,1402,2053,909,3013,2889,971,1406
0.23558009800035506,2113,1052,2884,2875,1039,1402,2058,945,2995,2882,961,1406
0.2689079510000738,2160,1077,2858,2894,1080,1402,2068,971,2968,2870,967,1406
0.3023343600016233,2163,1109,2830,2852,1106,1402,2082,1000,2942,2867,990,1406
0.3353276520010695,2165,1140,2805,2897,1136,1402,2107,1030,2917,2880,1023,1406
0.369157882001673,2183,1171,2780,2891,1167,1402,2136,1065,2892,2888,1054,1406
0.402257104000455,2210,1203,2754,2883,1198,1402,2144,1094,2866,2890,1086,1406
0.4355586170004244,2198,1232,2727,2902,1232,1402,2154,1122,2840,2890,1120,1406
0.46897876400180394,2213,1262,2701,2914,1258,1402,2180,1152,2814,2890,1147,1406
0.5024504580014764,2216,1296,2674,2935,1291,1402,2192,1188,2787,2895,1178,1406
0.5358095790015796,2241,1325,2648,2964,1324,1402,2192,1216,2762,2905,1212,1406
0.5695680440003343,2277,1356,2621,2946,1354,1402,2201,1246,2734,2917,1242,1406
0.6030328950000694,2286,1390,2594,2950,1384,1402,2219,1280,2707,2939,1273,1406
0.6363529330010351,2326,1420,2569,2930,1417,1402,2238,1311,2683,2945,1305,1406
0.6693848780014378,2319,1451,2542,2934,1446,1402,2262,1341,2656,2944,1334,1406
0.7030587330009439,2359,1484,2515,2942,1477,1402,2282,1374,2628,2939,1366,1406
0.7362622010004998,2374,1515,2489,2918,1509,1402,2297,1406,2602,2937,1397,1406
0.7696871770003781,2371,1547,2462,2926,1540,1402,2317,1437,2576,2940,1429,1406
0.8032833960005519,2399,1645,2386,2958,1549,1402,2341,1471,2549,2933,1459,1406
0.8365836170014518,2447,1646,2385,2953,1598,1402,2356,1504,2523,2928,1489,1406
0.9513770350004052,2479,1654,2379,2950,1640,1402,2425,1620,2433,2945,1567,1406
0.9846912320008414,2480,1670,2364,2922,1642,1402,2432,1631,2427,2951,1577,1406
1.0176999530012836,2476,1701,2334,2934,1677,1402,2440,1641,2416,2950,1594,1406
1.0514535990005243,2490,1737,2306,2987,1692,1402,2455,1656,2404,2943,1617,1406
1.0845768250001129,2501,1772,2281,2991,1719,1402,2466,1678,2385,2933,1637,1406
1.1181313350007258,2498,1805,2253,3036,1733,1402,2474,1704,2359,2940,1661,1406
1.1515773410010297,2500,1836,2226,3019,1763,1402,2480,1734,2333,2965,1685,1406
1.1847819910017279,2539,1873,2199,3028,1702,1402,2487,1768,2309,2991,1703,1406
1.2181543380011135,2523,1908,2174,3044,1757,1402,2495,1800,2285,3010,1724,1406
1.2515620820013282,2538,1942,2147,3043,1789,1402,2501,1832,2259,3013,1740,1406
1.285005372001251,2537,1976,2117,3052,1766,1402,2512,1866,2230,3017,1741,1406
1.3183792310010176,2558,2011,2092,3067,1813,1402,2523,1901,2205,3032,1755,1406
1.3520329280017904,2557,2046,2066,3029,1782,1402,2531,1936,2178,3040,1768,1406
1.3850113420012349,2515,2081,2037,3056,1845,1402,2536,1971,2151,3047,1782,1406
1.4186273480008822,2553,2116,2011,3053,1871,1402,2541,2006,2124,3053,1797,1406
1.452155038001365,2548,2152,1983,3047,1851,1402,2543,2042,2097,3047,1810,1406
1.4851579180012777,2566,2188,1955,3032,1891,1402,2539,2077,2070,3047,1833,1406
1.5189411290011776,2580,2220,1929,3024,1901,1402,2537,2114,2042,3046,1848,1406
1.5522508780013595,2593,2217,1901,3018,1885,1402,2548,2148,2014,3039,1863,1406
1.585705550000057,2600,2194,1873,3008,1856,1402,2559,2182,1987,3032,1877,1406
1.6190987760001008,2610,2224,1848,3002,1855,1402,2576,2205,1961,3025,1877,1406
1.652227082000536,2618,2247,1826,2995,1853,1402,2587,2208,1940,3018,1867,1406
1.6859772420011723,2599,2266,1798,2978,1852,1402,2597,2206,1912,3013,1862,1406
1.7194556480008032,2611,2272,1766,2972,1860,1402,2603,2213,1880,3005,1860,1406
1.752602870001283,2623,2293,1736,2960,1845,1402,2602,2238,1850,2994,1858,1406
1.7859753070006263,2616,2344,1710,2952,1862,1402,2601,2264,1823,2981,1858,1406
1.8191837040012615,2618,2352,1688,2949,1860,1402,2605,2286,1801,2977,1855,1406
1.852878239000347,2624,2361,1691,2937,1864,1402,2610,2310,1773,2965,1854,1406
1.8863800190010807,2649,2364,1686,2934,1936,1402,2616,2334,1743,2956,1857,1406
1.9198755080014962,2646,2367,1710,2920,1927,1402,2620,2353,1731,2949,1860,1406
1.9528223920005985,2650,2341,1716,2926,1933,1402,2625,2365,1728,2946,1871,1406
1.9863232810002955,2638,2336,1731,2923,1933,1402,2633,2369,1728,2936,1894,1406
2.0195523480015254,2632,2362,1666,2935,1935,1402,2641,2367,1727,2932,1911,1406
2.053376987001684,2616,2356,1680,2937,1938,1402,2641,2365,1730,2932,1918,1406
2.086653122001735,2617,2370,1686,2921,1940,1402,2641,2369,1731,2934,1924,1406
2.1201513260002685,2607,2384,1663,2909,1937,1402,2633,2376,1722,2935,1929,1406
2.153632308001761,2611,2361,1704,2922,1933,1402,2625,2380,1714,2927,1931,1406
2.186652160000449,2602,2382,1692,2912,1939,1402,2617,2384,1702,2918,1931,1406
2.2202841860016633,2590,2394,1675,2911,1953,1402,2614,2386,1698,2918,1931,1406
2.253572224000891,2579,2401,1662,2888,1945,1402,2610,2388,1702,2920,1937,1406
2.2868807900013053,2571,2374,1691,2901,1979,1402,2605,2400,1699,2914,1942,1406
2.3204468120002275,2575,2383,1649,2923,1937,1462,2597,2408,1693,2905,1943,1406
2.3539340350016573,2569,2381,1687,2921,1918,1525,2588,2409,1693,2898,1946,1406
2.3870258730003115,2563,2381,1667,2933,1918,1544,2580,2406,1692,2908,1948,1413
2.420479102000172,2575,2369,1678,2949,1937,1569,2574,2405,1692,2915,1936,1441
2.4540778560003673,2573,2387,1662,2939,1935,1608,2571,2407,1693,2924,1929,1480
2.4873219700002664,2562,2390,1665,2936,1915,1651,2571,2408,1693,2936,1933,1515
2.52090176800084,2557,2377,1709,2929,1924,1659,2571,2408,1693,2935,1935,1550
2.5542296010007703,2559,2424,1683,2950,1917,1651,2571,2406,1692,2932,1926,1587
2.587828124000225,2569,2429,1660,2955,1944,1690,2568,2406,1695,2931,1924,1615
2.7001518340002804,2566,2423,1665,2950,1939,1705,2563,2436,1687,2944,1936,1663
2.733133634001206,2572,2418,1659,2943,1947,1655,2568,2437,1687,2952,1937,1672
2.7665618660012115,2577,2434,1667,2943,1957,1662,2570,2436,1687,2946,1937,1684
2.8003522910003085,2576,2422,1663,2934,1951,1644,2570,2435,1684,2946,1942,1687
2.8334714400007215,2603,2441,1636,2944,1964,1646,2569,2438,1684,2947,1947,1675
2.8668053840010543,2596,2437,1655,2938,1965,1643,2569,2441,1684,2945,1947,1659
2.9004499950005993,2607,2437,1637,2936,1967,1643,2576,2445,1679,2945,1955,1656
2.933847689000686,2612,2418,1672,2924,1977,1657,2585,2447,1671,2938,1958,1653
2.967150885000592,2595,2432,1678,2902,1970,1661,2598,2447,1667,2937,1961,1652
3.00038752600085,2591,2422,1686,2901,1974,1707,2603,2447,1670,2935,1966,1652
3.033655135001027,2576,2421,1690,2903,1963,1698,2603,2447,1680,2919,1967,1656
3.0673791840017657,2590,2411,1692,2917,1970,1700,2599,2448,1688,2913,1967,1668
3.1009118530000706,2596,2419,1675,2927,1980,1689,2591,2448,1690,2913,1966,1682
3.1339214960007666,2577,2404,1668,2930,1973,1684,2586,2448,1691,2915,1966,1686
3.167573730001095,2574,2422,1680,2934,1972,1688,2586,2447,1689,2923,1973,1684
3.20102543700159,2567,2402,1686,2929,1983,1684,2585,2447,1689,2925,1970,1684
3.23444516300151,2576,2422,1689,2936,1995,1693,2584,2448,1690,2927,1970,1684
3.267596372001208,2591,2439,1693,2941,1998,1692,2581,2447,1694,2928,1977,1684
3.301126797001416,2592,2442,1700,2931,1998,1692,2576,2447,1694,2929,1985,1687
3.3343198350012244,2587,2444,1720,2936,2002,1689,2578,2451,1696,2934,1990,1688
3.368100552001124,2588,2441,1698,2945,1986,1650,2580,2454,1701,2934,1992,1688
3.4015519070017035,2596,2468,1697,2931,1985,1651,2586,2454,1709,2930,1994,1689
3.434674433001419,2589,2467,1706,2930,1978,1653,2588,2453,1714,2938,1991,1680
3.4682519970010617,2584,2445,1739,2912,1968,1660,2589,2458,1708,2935,1987,1665
3.5016031640006986,2587,2446,1732,2892,1986,1664,2589,2463,1709,2932,1985,1664
3.5347242270017887,2583,2469,1730,2905,1964,1673,2589,2459,1721,2924,1979,1664
3.5681291650016647,2574,2454,1722,2914,1973,1648,2589,2455,1728,2912,1980,1663
3.6017030410002917,2578,2452,1729,2921,1973,1664,2589,2459,1724,2909,1983,1667
3.6349331110013736,2577,2461,1731,2925,1966,1666,2586,2462,1721,2915,1978,1661
3.6682762330001424,2572,2450,1723,2919,1967,1670,2586,2460,1723,2916,1977,1655
3.701824932000818,2567,2440,1746,2907,1967,1622,2585,2461,1725,2917,1973,1661
3.7351940530006686,2562,2443,1770,2918,1962,1657,2583,2459,1727,2917,1972,1664
3.7685549090001587,2559,2403,1757,2931,1955,1583,2580,2454,1735,2912,1971,1658
3.8021468320002896,2544,2409,1751,2937,1949,1521,2576,2453,1746,2914,1967,1648
3.8351489000015135,2547,2411,1737,2941,1962,1485,2572,2443,1754,2921,1959,1635
3.8686012890011625,2545,2395,1776,2919,1955,1456,2564,2436,1752,2926,1956,1605
3.902149918001669,2535,2388,1771,2918,1970,1414,2557,2435,1747,2929,1959,1563
3.9353569120012253,2535,2376,1764,2913,1964,1402,2551,2431,1749,2924,1958,1522
3.969040676000077,2546,2404,1760,2911,1974,1405,2547,2426,1761,2920,1960,1484
4.002446966000207,2548,2415,1767,2915,1965,1427,2544,2422,1763,2917,1963,1450
4.035698836001757,2550,2388,1755,2919,1970,1425,2543,2422,1763,2915,1965,1436
4.0689289740003005,2544,2414,1728,2920,1957,1416,2544,2426,1765,2916,1966,1434
4.102374639000118,2542,2404,1731,2922,1969,1415,2545,2426,1762,2916,1967,1431
4.135808902001372,2540,2400,1730,2925,1969,1411,2545,2427,1754,2918,1964,1425
4.169570763000593,2530,2404,1719,2929,1950,1402,2544,2428,1751,2918,1963,1421
4.202820538001106,2544,2405,1721,2929,1935,1402,2544,2428,1751,2919,1965,1417
4.236020821001148,2544,2394,1709,2951,1936,1402,2543,2428,1747,2925,1959,1410
4.269443502000286,2536,2357,1706,2952,1917,1402,2543,2428,1746,2924,1948,1408
4.302673660000437,2564,2433,1642,2993,1971,1402,2541,2428,1740,2931,1943,1408
4.336071665000418,2538,2449,1648,2973,1947,1436,2539,2426,1736,2945,1934,1406
4.450244332001603,2532,2452,1616,3007,1944,1413,2551,2435,1681,2962,1941,1427
4.483775939001134,2498,2442,1603,3047,1943,1402,2549,2450,1673,2966,1941,1427
4.517096738001783,2486,2426,1574,3023,1952,1402,2543,2459,1665,2982,1941,1421
4.550576266999997,2503,2466,1544,3032,1993,1402,2531,2460,1652,3007,1941,1412
4.584046579000642,2486,2479,1527,3016,1965,1402,2517,2456,1631,3025,1946,1409
4.617350896000062,2478,2464,1538,3020,1964,1402,2504,2455,1602,3024,1956,1408
4.650376359000802,2474,2439,1508,3038,1957,1402,2497,2466,1575,3014,1966,1406
4.684181762000662,2453,2440,1463,3063,1945,1402,2487,2477,1566,3017,1962,1406
4.71755135300009,2433,2438,1474,3068,1940,1402,2483,2481,1566,3030,1959,1406
4.751033718001054,2428,2415,1479,3050,1952,1402,2476,2482,1553,3046,1954,1406
4.784123020001061,2418,2380,1534,3051,1943,1402,2463,2480,1531,3053,1948,1406
4.817678091001653,2412,2418,1466,3057,1946,1402,2450,2468,1519,3046,1950,1406
4.850807369000904,2407,2382,1506,3040,1925,1402,2434,2449,1526,3046,1949,1406
4.88469674100088,2401,2365,1510,3023,1887,1402,2423,2438,1536,3054,1948,1406
4.917898606001472,2406,2405,1517,3009,1923,1402,2415,2435,1536,3045,1939,1406
4.951045948000683,2385,2391,1533,3001,1905,1402,2411,2432,1533,3035,1918,1406
4.984671522001008,2370,2352,1530,3019,1884,1402,2411,2430,1533,3023,1906,1406
5.0178482700011955,2367,2362,1537,3001,1879,1402,2406,2428,1536,3014,1907,1406
5.051606014001663,2356,2367,1555,2989,1879,1402,2395,2428,1538,3019,1903,1406
5.084928396001487,2365,2367,1570,2984,1887,1465,2384,2427,1543,3017,1894,1406
5.1182538940011,2336,2366,1519,2991,1906,1427,2371,2425,1552,3003,1887,1406
5.151707023000199,2324,2352,1540,2997,1893,1411,2367,2421,1563,2997,1890,1412
5.184819970001627,2314,2346,1559,2983,1900,1403,2361,2420,1564,2998,1897,1420
5.218181717000334,2310,2346,1574,2982,1888,1406,2351,2420,1563,2998,1897,1417
5.251699247000943,2336,2376,1603,2968,1865,1440,2340,2415,1564,2991,1896,1410
5.285495252001056,2320,2362,1567,2981,1870,1412,2327,2408,1575,2986,1892,1411
5.318815701000858,2315,2368,1585,2978,1867,1410,2326,2405,1589,2981,1883,1415
5.352269962000719,2297,2383,1555,2997,1896,1408,2326,2407,1597,2979,1875,1425
5.385252303000016,2286,2369,1560,2984,1899,1403,2325,2409,1598,2982,1877,1418
5.41856992600151,2252,2354,1559,2960,1857,1406,2318,2409,1594,2984,1879,1414
5.452177166000183,2243,2328,1589,2964,1868,1403,2309,2406,1588,2987,1887,1410
5.4856912800005375,2225,2345,1562,2979,1862,1405,2293,2399,1587,2977,1884,1410
5.518818504000592,2229,2352,1560,2959,1851,1406,2274,2390,1590,2968,1874,1409
5.5523715510007605,2244,2371,1574,2928,1864,1420,2253,2386,1595,2979,1870,1408
5.586152197000047,2237,2357,1592,2934,1861,1407,2243,2387,1590,2973,1864,1407
5.619466214000568,2229,2369,1611,2894,1847,1412,2242,2389,1586,2956,1865,1411
5.652442433000033,2263,2382,1651,2899,1859,1543,2241,2389,1591,2942,1864,1412
5.68576932400174,2256,2367,1639,2887,1858,1562,2242,2388,1607,2929,1855,1411
5.719375672000751,2240,2366,1617,2908,1829,1577,2244,2391,1627,2912,1856,1427
5.7530296400000225,2254,2351,1637,2894,1867,1572,2246,2394,1643,2907,1859,1463
5.78612283000075,2245,2371,1605,2923,1877,1503,2246,2396,1643,2907,1849,1504
5.819941708001352,2236,2373,1582,2909,1885,1451,2247,2394,1642,2910,1843,1531
5.852779817001647,2236,2361,1610,2908,1875,1408,2248,2392,1633,2911,1847,1542
5.886173494000104,2234,2365,1615,2877,1879,1444,2245,2393,1620,2915,1864,1530
5.920101027000783,2239,2345,1648,2879,1884,1454,2243,2394,1616,2908,1870,1500
5.953314054000657,2239,2382,1652,2860,1878,1503,2240,2393,1623,2901,1873,1461
5.986371426000915,2247,2356,1631,2856,1892,1443,2238,2390,1637,2888,1874,1443
6.020277349000025,2256,2351,1649,2882,1895,1447,2238,2388,1648,2881,1878,1435
6.053717623000921,2226,2451,1540,2921,1899,1449,2240,2390,1648,2869,1881,1444
6.086768954000945,2233,2453,1541,2935,1878,1443,2244,2389,1648,2879,1887,1445
6.202568188000441,2227,2470,1541,2919,1893,1451,2235,2446,1588,2920,1882,1447
6.235688670001764,2227,2479,1534,2919,1898,1451,2233,2457,1585,2928,1884,1445
6.269173438000507,2211,2525,1505,2945,1891,1465,2231,2466,1580,2924,1886,1447
6.302722498001458,2232,2543,1474,2916,1912,1578,2231,2479,1567,2923,1890,1449
6.336244236001221,2219,2523,1446,2917,1890,1581,2227,2496,1553,2932,1890,1456
6.369288665000568,2214,2510,1421,2942,1907,1575,2226,2523,1528,2937,1898,1476
6.402718069000912,2209,2514,1411,2959,1907,1515,2220,2542,1506,2930,1902,1509
6.436341970000285,2206,2538,1413,2974,1899,1507,2216,2545,1486,2925,1901,1538
6.469771303000016,2212,2519,1432,2969,1902,1499,2215,2542,1469,2933,1901,1550
6.502938102001281,2212,2544,1410,2984,1912,1501,2214,2538,1455,2950,1901,1545
6.53644395000083,2209,2523,1440,2967,1894,1496,2214,2542,1450,2959,1901,1525
6.569866632000412,2219,2534,1416,2974,1905,1493,2213,2550,1450,2968,1904,1513
6.6033659180011455,2219,2540,1418,2966,1903,1495,2213,2554,1452,2974,1903,1504
6.6366478340005415,2214,2538,1428,2955,1902,1500,2214,2554,1452,2972,1898,1504
6.670365932001005,2214,2521,1416,2953,1937,1498,2216,2553,1446,2970,1901,1501
6.7034904710017145,2206,2504,1433,2952,1931,1490,2216,2551,1444,2963,1899,1503
6.736814617001073,2204,2526,1426,2942,1927,1500,2216,2552,1443,2960,1909,1501
6.770244221001121,2212,2561,1424,2931,1897,1503,2213,2554,1443,2958,1919,1494
6.803714983001555,2200,2537,1434,2946,1906,1509,2211,2554,1443,2950,1918,1498
6.837329837000652,2212,2570,1409,2929,1894,1579,2209,2559,1442,2944,1914,1500
6.870665514001303,2209,2548,1425,2937,1906,1612,2207,2568,1441,2942,1903,1506
6.9036860070009425,2198,2558,1403,2946,1926,1629,2204,2577,1440,2946,1904,1515
6.9372390740009,2211,2564,1397,2941,1914,1606,2204,2580,1439,2943,1904,1545
6.97044369500145,2216,2580,1405,2954,1922,1642,2205,2578,1437,2945,1916,1576
7.0038904110006115,2213,2594,1389,2943,1904,1663,2208,2576,1429,2942,1913,1597
7.0374634960007825,2211,2581,1403,2954,1908,1682,2209,2581,1424,2945,1915,1615
7.070987909000905,2208,2581,1409,2951,1904,1701,2210,2594,1416,2949,1915,1634
7.104444114000216,2210,2577,1401,2949,1898,1699,2210,2600,1417,2946,1910,1655
7.138112278000335,2202,2597,1376,2963,1889,1690,2211,2600,1421,2951,1910,1672
7.171145023999998,2207,2585,1405,2961,1888,1690,2211,2597,1419,2948,1902,1680
7.204795896001087,2198,2622,1360,2973,1889,1691,2210,2599,1409,2956,1897,1680
7.2381707670010655,2192,2600,1380,2972,1890,1689,2208,2604,1400,2955,1893,1682
7.271173567000005,2196,2608,1414,2969,1897,1695,2206,2611,1395,2964,1893,1684
7.304788791001556,2200,2604,1397,2968,1900,1693,2203,2617,1393,2966,1893,1685
7.338335386000836,2202,2597,1411,2972,1908,1691,2201,2617,1401,2966,1893,1689
7.371673237001232,2202,2608,1388,2979,1920,1699,2198,2616,1413,2966,1896,1689
7.404965703000926,2207,2598,1398,2985,1913,1700,2197,2617,1414,2968,1904,1691
7.4386446380012785,2214,2602,1404,2969,1916,1692,2197,2617,1411,2974,1909,1692
7.471988180001063,2219,2609,1383,2993,1929,1697,2200,2617,1408,2977,1909,1694
7.505192910000915,2218,2621,1368,2994,1927,1696,2204,2618,1411,2974,1911,1693
7.538813264000055,2218,2624,1352,3006,1926,1699,2210,2620,1409,2975,1918,1693
7.5722742280013335,2210,2609,1382,2991,1913,1701,2215,2628,1398,2987,1920,1693
7.605590809000205,2207,2603,1397,2987,1911,1701,2216,2631,1387,2994,1920,1695
7.638891560000047,2208,2608,1398,2981,1910,1704,2216,2632,1387,2990,1916,1697
7.672168267001325,2204,2617,1397,2984,1901,1704,2213,2631,1396,2987,1914,1697
7.705893248001303,2208,2628,1399,2966,1902,1711,2210,2631,1400,2987,1915,1701
7.739236299001277,2202,2624,1398,2980,1905,1709,2209,2631,1400,2987,1908,1700
7.7726702020008815,2202,2623,1401,2981,1895,1701,2209,2633,1400,2981,1908,1703
7.805645339001785,2201,2656,1310,3015,1901,1712,2210,2633,1400,2975,1907,1704
7.838992297000004,2213,2691,1287,3043,1886,1734,2210,2633,1401,2979,1902,1704
7.954715127001691,2229,2654,1308,3027,1896,1710,2208,2681,1324,3030,1891,1725
7.987688371000331,2205,2672,1278,3031,1889,1708,2209,2685,1315,3032,1891,1727
8.020921575000102,2215,2664,1306,3043,1920,1714,2213,2684,1316,3029,1891,1721
8.0544935980015,2198,2648,1288,3043,1902,1692,2216,2684,1317,3029,1890,1715
8.087986632001048,2204,2663,1309,3032,1899,1689,2217,2684,1316,3033,1899,1715
8.121585436001624,2223,2646,1310,3026,1902,1702,2214,2683,1309,3036,1907,1706
8.15486505700028,2204,2643,1314,3034,1897,1699,2210,2683,1309,3036,1903,1699
8.188434866000534,2194,2657,1328,3027,1915,1700,2212,2682,1314,3032,1903,1701
8.2214358120018,2200,2646,1344,3013,1883,1704,2212,2680,1316,3032,1901,1701
8.254762743001265,2200,2663,1324,3018,1902,1707,2209,2679,1323,3028,1906,1701
8.288586330001635,2202,2655,1341,3026,1909,1704,2207,2675,1333,3022,1908,1701
8.32143260400153,2198,2643,1367,3024,1915,1705,2205,2674,1334,3022,1905,1701
8.355024715001491,2206,2682,1311,3041,1883,1702,2204,2674,1333,3023,1907,1701
8.388439782000205,2194,2645,1313,3063,1888,1659,2204,2670,1344,3020,1907,1701
8.421688675000041,2186,2630,1298,3053,1884,1618,2205,2669,1352,3029,1902,1701
8.455492967001192,2180,2624,1324,3044,1894,1578,2203,2670,1348,3042,1892,1692
8.48855859500145,2185,2622,1332,3042,1888,1520,2198,2667,1334,3050,1891,1663
8.522361803001331,2193,2640,1323,3025,1886,1538,2193,2667,1326,3044,1891,1631
8.55563596400134,2195,2632,1319,3036,1894,1513,2189,2666,1326,3042,1890,1594
8.589170968001781,2214,2656,1316,3027,1872,1557,2188,2666,1329,3039,1893,1560
8.622643233000417,2205,2651,1304,3034,1871,1559,2189,2666,1329,3032,1891,1545
8.655682631000673,2201,2655,1298,3026,1876,1564,2196,2666,1329,3037,1888,1545
8.689321229001507,2202,2672,1271,3033,1874,1557,2202,2668,1327,3032,1878,1554
8.722561427000983,2202,2656,1285,3030,1872,1558,2205,2669,1323,3034,1879,1558
8.755686156000593,2200,2648,1284,3028,1887,1548,2205,2675,1313,3034,1877,1556
8.789437537001504,2209,2650,1258,3048,1895,1530,2202,2678,1305,3033,1876,1556
8.82303859500098,2212,2644,1255,3041,1868,1492,2198,2678,1304,3032,1881,1552
8.85647012300069,2208,2659,1274,3040,1869,1478,2200,2678,1299,3038,1887,1542
8.889792225001656,2201,2660,1284,3040,1881,1441,2202,2678,1290,3041,1882,1522
8.922804261001147,2200,2652,1294,3023,1874,1430,2206,2678,1290,3038,1874,1502
8.95643655800086,2201,2640,1310,3026,1884,1429,2207,2678,1293,3039,1878,1479
8.98979273400073,2203,2645,1311,3026,1867,1420,2207,2678,1299,3034,1878,1457
9.023338387001786,2211,2642,1331,3012,1881,1408,2205,2678,1308,3031,1880,1446
9.056684654000492,2204,2642,1314,3016,1861,1402,2203,2678,1311,3031,1881,1436
9.090325798000777,2188,2659,1319,3023,1870,1402,2203,2677,1320,3024,1878,1423
9.124490488000447,2197,2653,1314,3012,1868,1402,2203,2676,1324,3021,1874,1417
9.157533574001718,2191,2620,1328,3028,1866,1402,2201,2676,1323,3021,1873,1412
9.190471321000587,2191,2634,1300,3022,1845,1402,2199,2676,1323,3019,1872,1409
9.22390950100089,2191,2659,1291,3021,1850,1402,2197,2670,1328,3019,1873,1408
9.256905669000844,2188,2650,1267,3046,1850,1402,2197,2668,1328,3025,1864,1406
9.29029297300076,2172,2646,1239,3061,1841,1402,2195,2671,1319,3024,1856,1406
9.324127261001195,2178,2658,1218,3075,1828,1402,2193,2676,1304,3033,1855,1406
9.356995176000055,2170,2643,1189,3094,1848,1402,2188,2677,1287,3048,1849,1406
9.390947055000652,2175,2601,1189,3107,1824,1402,2184,2677,1267,3059,1840,1406
9.424008124000466,2166,2609,1173,3125,1850,1402,2178,2676,1246,3074,1840,1406
9.457384288001776,2182,2587,1179,3103,1818,1402,2177,2669,1232,3089,1841,1406
9.49121240400018,2183,2592,1141,3141,1825,1402,2174,2663,1219,3103,1843,1406
9.524550555001042,2180,2554,1099,3155,1779,1402,2175,2655,1213,3107,1842,1406
9.557468265000352,2179,2680,1148,3119,1829,1402,2177,2651,1204,3110,1831,1406
9.591116291001526,2183,2677,1094,3137,1783,1402,2180,2646,1183,3128,1817,1406
9.704944167000576,2201,2653,1115,3144,1795,1402,2182,2655,1124,3133,1792,1406
9.737889077001455,2167,2655,1100,3121,1804,1402,2180,2673,1118,3134,1791,1406
9.771670104000805,2175,2670,1063,3155,1817,1402,2182,2683,1125,3139,1793,1406
9.8046899760011,2153,2658,1056,3156,1770,1402,2185,2685,1128,3134,1800,1406
9.838367989001199,2152,2628,1027,3182,1755,1402,2185,2684,1117,3130,1804,1406
9.871941174000312,2161,2643,1034,3165,1749,1402,2178,2683,1095,3137,1803,1406
9.905261623000115,2129,2565,1000,3182,1746,1402,2172,2678,1075,3157,1789,1406
9.938554379001289,2087,2559,1036,3182,1727,1402,2165,2675,1067,3168,1771,1406
9.97180630800176,2093,2549,998,3182,1748,1402,2157,2668,1060,3170,1761,1406
10.00525931700031,2093,2534,999,3182,1742,1402,2140,2654,1056,3174,1746,1406
10.038538768001672,2067,2539,972,3182,1691,1402,2125,2637,1050,3177,1742,1406
10.072164232000432,2047,2510,974,3182,1663,1402,2110,2619,1037,3178,1745,1406
10.105640213001607,2040,2495,1012,3182,1627,1402,2097,2608,1020,3178,1734,1406
10.138880871001675,2029,2491,1021,3182,1647,1402,2081,2592,1009,3179,1708,1406
10.172230084001058,2025,2487,1023,3182,1610,1402,2067,2573,1014,3179,1676,1406
10.205667353000536,2015,2454,1006,3182,1667,1402,2053,2558,1022,3179,1656,1406
10.238802772000781,2011,2463,1013,3182,1656,1402,2039,2546,1024,3179,1640,1406
10.27232881800046,2026,2503,1018,3173,1686,1402,2029,2538,1024,3179,1635,1406
10.305716914001096,2032,2516,994,3182,1661,1402,2023,2530,1025,3179,1646,1406
10.339161848000003,2014,2494,1003,3172,1674,1402,2023,2528,1025,3179,1662,1406
10.37266049200116,2006,2494,983,3174,1681,1402,2027,2531,1018,3179,1670,1406
10.406018752000818,1984,2499,981,3179,1651,1402,2027,2534,1016,3178,1668,1406
10.439429581001605,1988,2496,963,3179,1686,1402,2023,2536,1015,3178,1671,1406
10.472789844001454,1973,2474,982,3182,1666,1402,2013,2535,1011,3178,1668,1406
10.506229838001673,1981,2514,962,3172,1659,1402,2002,2534,999,3178,1661,1406
10.539706802001092,1991,2465,986,3166,1643,1402,1990,2529,995,3178,1664,1406
10.572703430001638,1956,2468,985,3180,1665,1402,1986,2527,992,3177,1661,1406
10.606608370000686,1959,2475,959,3182,1664,1402,1985,2524,991,3175,1654,1406
10.640109820000362,1946,2466,1023,3168,1658,1402,1985,2523,994,3177,1655,1406
10.67313057300089,1954,2455,990,3173,1667,1402,1979,2523,989,3179,1658,1406
10.706433559000288,1983,2467,1009,3174,1679,1402,1971,2523,985,3177,1656,1406
10.73980882000069,1976,2460,1012,3137,1657,1402,1964,2520,990,3177,1663,1406
10.773359723001704,1978,2457,997,3150,1724,1402,1966,2516,1002,3176,1669,1406
10.80670950700005,1987,2431,1033,3165,1749,1402,1969,2514,1008,3168,1665,1406
10.839983939000376,1980,2476,1023,3141,1740,1402,1977,2514,1009,3160,1661,1406
10.873893058000249,1978,2458,1028,3151,1734,1402,1981,2509,1012,3164,1675,1406
10.906797972000277,1984,2441,1042,3162,1718,1402,1981,2499,1022,3164,1700,1406
10.940549343000384,1975,2443,1057,3143,1713,1402,1980,2496,1027,3159,1719,1406
10.974031376001221,1978,2442,1050,3149,1678,1402,1975,2496,1036,3160,1716,1406
11.008111407001707,1984,2410,1052,3152,1675,1402,1974,2495,1049,3157,1712,1406
11.040796197001328,1988,2382,1083,3174,1659,1402,1975,2495,1051,3153,1703,1406
11.074021316000653,1983,2392,1046,3174,1687,1402,1980,2492,1053,3155,1689,1406
11.107972022000467,1979,2426,1048,3175,1690,1402,1984,2473,1066,3162,1677,1406
11.141098786001749,1966,2426,1060,3167,1669,1402,1984,2458,1074,3168,1675,1406
11.174446726001406,1983,2427,1039,3164,1702,1402,1984,2455,1069,3169,1684,1406
11.207577326000319,1987,2413,1061,3173,1671,1402,1979,2455,1063,3168,1684,1406
11.241347283001232,1990,2406,1078,3171,1647,1402,1976,2457,1062,3167,1681,1406
11.274979259000247,1993,2419,1029,3181,1659,1402,1978,2457,1067,3168,1677,1406
11.308109388000958,1979,2485,977,3177,1762,1402,1983,2456,1076,3169,1664,1406
11.341124430000491,1968,2449,1027,3168,1725,1402,1988,2456,1077,3173,1660,1406
11.45342516600067,1976,2442,1046,3173,1738,1402,1977,2476,1039,3173,1711,1406
11.486948357000074,1993,2443,1081,3162,1757,1402,1973,2475,1039,3173,1715,1406
11.52057853900078,1979,2459,1055,3153,1763,1402,1973,2475,1046,3173,1725,1406
11.553432558001077,2004,2437,1080,3159,1791,1402,1978,2475,1062,3169,1739,1406
11.586881699000514,1997,2451,1074,3146,1793,1402,1984,2477,1073,3164,1748,1406
11.620712159001414,1988,2414,1117,3169,1796,1402,1989,2479,1076,3164,1761,1406
11.653888336000819,2007,2415,1112,3165,1794,1402,1992,2478,1076,3159,1777,1406
11.68702222200045,1998,2422,1118,3164,1791,1402,1992,2471,1086,3160,1780,1406
11.720957912000813,2024,2420,1112,3165,1795,1402,1991,2460,1102,3164,1786,1406
11.754205222001474,2035,2402,1152,3161,1822,1402,1994,2460,1109,3164,1786,1406
11.787237737000396,2040,2408,1134,3146,1816,1402,2000,2462,1111,3164,1789,1406
11.820832203000464,2027,2403,1171,3146,1805,1402,2013,2460,1124,3164,1799,1406
11.854175534001115,2036,2384,1173,3168,1840,1402,2026,2458,1135,3158,1807,1406
11.88748422000026,2033,2385,1183,3153,1837,1402,2028,2454,1149,3155,1802,1406
11.921104173001368,2034,2389,1187,3148,1848,1402,2032,2449,1165,3159,1807,1406
11.954426776001128,2021,2403,1192,3147,1863,1402,2031,2448,1176,3162,1822,1406
11.988101823000761,2026,2393,1155,3161,1861,1402,2028,2447,1183,3156,1833,1406
12.021082190000016,2020,2392,1177,3161,1867,1402,2026,2447,1188,3154,1844,1406
12.054911348001042,2019,2378,1181,3160,1861,1402,2026,2448,1188,3158,1849,1406
12.088271922000786,2016,2369,1188,3167,1882,1402,2026,2448,1187,3159,1857,1406
12.121700965000855,2031,2379,1180,3156,1898,1402,2026,2443,1189,3159,1854,1406
12.155055547000302,2018,2430,1162,3148,1902,1402,2026,2435,1193,3161,1866,1406
12.188253825001084,2022,2395,1159,3163,1896,1402,2025,2434,1193,3159,1879,1406
12.221673631000158,2042,2403,1158,3154,1893,1402,2024,2435,1188,3155,1890,1406
12.254890775000604,2021,2403,1186,3165,1892,1402,2024,2436,1184,3158,1887,1406
12.288253342001553,2043,2406,1196,3151,1893,1402,2027,2436,1184,3159,1890,1406
12.321799877001467,2051,2409,1185,3156,1925,1402,2032,2435,1186,3158,1887,1406
12.355049252000754,2044,2394,1210,3161,1929,1402,2038,2435,1194,3158,1889,1406
12.38853520200064,2043,2395,1204,3141,1911,1402,2042,2436,1195,3158,1900,1406
12.421878984001523,2032,2397,1194,3133,1916,1402,2043,2436,1198,3160,1913,1406
12.455619545000445,2011,2407,1210,3156,1928,1402,2043,2436,1203,3154,1913,1406
12.488988845001586,2016,2415,1199,3155,1934,1402,2039,2436,1203,3146,1910,1406
12.52242390000174,1999,2399,1184,3152,1933,1402,2030,2435,1207,3151,1920,1406
12.555700205000903,1991,2368,1219,3150,1935,1402,2023,2436,1210,3154,1927,1406
12.588932647000547,2001,2376,1216,3148,1946,1402,2016,2436,1208,3154,1927,1406
12.622970228001577,1999,2394,1201,3130,1951,1402,2009,2433,1208,3154,1930,1406
12.655927521000194,2005,2396,1202,3116,1956,1402,2006,2427,1215,3153,1937,1406
12.689531384001384,2017,2389,1220,3118,1935,1402,2004,2427,1217,3143,1943,1406
12.723128605000966,2029,2381,1224,3137,1937,1402,2004,2428,1216,3132,1946,1406
12.756217166001079,2027,2379,1229,3130,1943,1402,2008,2429,1222,3130,1944,1406
12.789448777000871,2018,2398,1213,3137,1936,1402,2015,2429,1226,3134,1942,1406
12.822700946000623,2024,2382,1217,3143,1959,1402,2022,2428,1228,3135,1942,1406
12.856448971000646,2053,2395,1234,3141,1960,1402,2024,2428,1228,3136,1939,1406
12.891449618000479,2065,2442,1165,3150,1947,1402,2026,2428,1229,3139,1947,1406
12.923130364000826,2046,2397,1211,3145,1944,1402,2028,2428,1235,3139,1952,1406
12.956537606001802,2031,2423,1194,3151,1952,1402,2039,2431,1234,3142,1950,1406
12.989705407000656,2025,2424,1213,3144,1939,1402,2046,2436,1230,3143,1947,1406
13.0246339180012,2034,2444,1212,3152,1944,1402,2044,2438,1227,3145,1948,1406
13.056800220001605,2051,2457,1208,3146,1962,1402,2042,2438,1225,3144,1945,1406
13.090131689001282,2043,2467,1209,3146,1961,1402,2037,2441,1223,3146,1944,1406
13.204357705000803,2034,2461,1208,3146,1979,1402,2045,2478,1224,3146,1955,1406
13.237876578001305,2036,2461,1192,3148,1971,1402,2047,2479,1224,3146,1955,1406
13.271206334000453,2020,2451,1199,3145,1972,1402,2046,2476,1222,3146,1964,1406
13.304357813000024,2028,2484,1181,3144,1978,1402,2042,2475,1216,3146,1968,1406
13.337681127000906,2030,2463,1180,3139,1972,1402,2035,2476,1214,3146,1968,1406
13.371529942000052,2029,2445,1186,3136,1974,1402,2031,2481,1213,3146,1971,1406
13.405012345001523,2019,2463,1179,3135,1969,1402,2029,2485,1209,3145,1972,1406
13.43883305700001,2021,2469,1170,3135,1979,1402,2028,2485,1209,3142,1973,1406
13.47160201600127,2024,2467,1173,3132,1971,1402,2028,2485,1206,3142,1972,1406
13.505267855000056,2026,2472,1171,3140,1970,1402,2028,2484,1200,3141,1974,1406
13.53852764900148,2027,2462,1172,3127,1971,1402,2029,2484,1198,3139,1973,1406
13.572540043000117,2023,2451,1171,3139,1985,1402,2029,2485,1197,3140,1972,1406
13.605099346001225,2021,2455,1196,3138,1983,1402,2029,2485,1197,3136,1973,1406
13.638551472000472,2030,2451,1180,3149,1972,1402,2029,2485,1197,3137,1975,1406
13.67217428100048,2016,2466,1183,3153,1970,1402,2029,2485,1199,3139,1979,1406
13.705373751001389,2021,2436,1202,3140,1973,1402,2029,2484,1201,3143,1975,1406
13.738778077000461,2011,2442,1223,3134,1994,1402,2026,2485,1201,3146,1974,1406
13.771949875001155,2027,2451,1210,3134,1971,1402,2025,2485,1206,3143,1974,1406
13.805784323001717,2015,2460,1188,3146,1989,1402,2021,2482,1218,3140,1980,1406
13.838914402000228,2007,2450,1187,3141,1973,1402,2020,2482,1220,3139,1986,1406
13.873680216000139,2014,2456,1165,3147,1974,1402,2020,2484,1216,3141,1985,1406
13.90567324100084,2018,2458,1161,3144,1971,1402,2019,2484,1214,3141,1981,1406
13.939428941001097,2024,2473,1176,3135,1988,1402,2019,2483,1203,3142,1977,1406
13.972724171000664,2021,2459,1167,3140,1973,1402,2019,2483,1194,3142,1977,1406
14.005806791001305,2028,2489,1138,3152,1992,1402,2019,2483,1194,3142,1980,1406
14.039590884000063,2030,2464,1144,3148,1975,1402,2019,2484,1190,3143,1982,1406
14.072779213000103,2027,2473,1136,3136,1973,1402,2021,2486,1179,3147,1982,1406
14.106018779000806,2019,2479,1164,3138,1965,1402,2024,2485,1172,3146,1982,1406
14.139432162000958,2030,2473,1148,3151,1980,1402,2026,2484,1167,3143,1978,1406
14.173680260000765,2025,2481,1158,3132,1962,1402,2026,2484,1168,3142,1971,1406
14.206547353000133,2019,2467,1151,3135,1956,1402,2027,2488,1172,3146,1977,1406
14.239821103001304,2016,2485,1170,3136,1961,1453,2026,2493,1173,3144,1975,1406
14.273100635000446,2023,2488,1128,3141,1958,1468,2024,2493,1173,3140,1964,1406
14.3065264020006,2016,2477,1145,3151,1955,1460,2023,2492,1174,3140,1965,1413
14.339990361000673,2026,2504,1140,3133,1944,1490,2022,2494,1173,3140,1964,1435
14.373043474000951,2028,2493,1169,3132,1949,1530,2021,2498,1168,3144,1959,1451
14.406879816000583,2030,2489,1170,3134,1945,1536,2020,2505,1166,3141,1954,1466
14.440200484001252,2018,2492,1152,3150,1949,1529,2023,2508,1169,3138,1952,1490
14.474083564000466,2021,2490,1153,3142,1937,1538,2026,2508,1173,3138,1954,1508
14.507103435000317,2034,2459,1169,3143,1922,1565,2026,2509,1173,3143,1951,1513
14.540097137001794,2032,2473,1166,3142,1935,1527,2026,2510,1172,3144,1944,1523
14.57357298900024,2036,2477,1190,3122,1938,1549,2025,2507,1174,3144,1935,1537
14.607101129000512,2033,2481,1190,3137,1941,1519,2025,2505,1174,3144,1935,1546
14.640273598000931,2029,2490,1153,3147,1939,1504,2027,2504,1180,3135,1940,1542
14.674007416000677,2032,2466,1157,3151,1919,1496,2031,2505,1187,3133,1938,1534
14.707347661000313,2032,2473,1173,3150,1926,1495,2033,2507,1186,3141,1938,1519
14.740476578001108,2021,2484,1138,3159,1898,1502,2033,2507,1183,3145,1932,1508
14.774192542001401,2027,2498,1147,3143,1907,1493,2033,2505,1184,3146,1926,1506
14.807623800001238,2009,2532,1132,3150,1942,1573,2029,2505,1181,3151,1924,1504
14.840757346000828,2015,2553,1110,3160,1964,1579,2026,2511,1172,3147,1916,1502
14.955447918000573,2005,2558,1110,3158,1979,1565,2018,2558,1143,3156,1952,1556
14.989025582000977,2020,2577,1107,3153,1965,1584,2017,2562,1143,3156,1955,1561
15.023548688001028,2018,2547,1112,3165,1979,1578,2017,2564,1140,3156,1965,1561
15.056059840000671,2023,2551,1077,3175,1989,1547,2018,2572,1134,3156,1965,1565
15.089294837000125,2015,2546,1089,3174,1989,1532,2018,2578,1133,3157,1966,1569
15.122900603000744,2009,2543,1077,3175,1989,1549,2018,2581,1128,3169,1977,1558
15.156173431001662,2023,2554,1018,3182,1997,1552,2018,2581,1121,3169,1980,1548
15.189298562001568,2017,2559,1045,3182,1989,1553,2018,2577,1112,3169,1982,1546
15.223140644000523,2018,2563,1056,3178,1984,1552,2017,2577,1095,3171,1986,1550
15.256421457001125,2013,2574,1073,3176,2001,1548,2015,2578,1082,3176,1986,1550
15.289417063000656,1993,2569,1061,3166,1987,1555,2015,2578,1081,3176,1985,1550
15.322920827000416,1994,2593,1051,3177,1990,1557,2015,2580,1082,3176,1990,1551
15.356353547000253,2001,2583,1077,3164,1993,1556,2012,2582,1080,3174,1992,1552
15.3896709690016,1961,2591,1059,3175,1984,1560,2008,2591,1076,3174,1990,1553
15.42316684800062,1977,2603,1076,3171,2004,1557,2002,2597,1079,3172,1990,1553
15.456415341001048,1959,2578,1110,3162,1995,1561,1996,2600,1084,3171,1988,1554
15.48997187400164,1962,2566,1114,3162,1966,1568,1987,2609,1084,3171,1994,1554
15.523415525000019,1960,2559,1121,3159,1941,1574,1980,2609,1094,3168,1997,1557
15.556818038001438,1980,2571,1095,3174,1945,1564,1972,2608,1108,3166,1987,1562
15.590148635001242,1958,2545,1072,3182,1902,1543,1967,2607,1116,3166,1967,1565
15.623267784001655,1957,2559,1075,3182,1908,1559,1968,2607,1115,3168,1958,1563
15.657100779000757,1959,2514,1104,3182,1908,1522,1973,2607,1106,3177,1949,1554
15.690717145000235,1952,2505,1090,3182,1943,1550,1972,2605,1102,3177,1930,1552
15.723821746001704,1988,2514,1090,3182,1926,1548,1971,2596,1108,3177,1923,1549
15.757045933001791,1958,2484,1084,3182,1890,1549,1966,2585,1111,3178,1927,1545
15.790546962000008,1961,2491,1103,3182,1870,1547,1964,2579,1110,3178,1933,1547
15.82478836700102,1978,2494,1127,3182,1889,1545,1967,2567,1109,3178,1924,1547
15.857570210000631,1967,2505,1102,3173,1864,1552,1969,2557,1110,3178,1900,1547
15.890797352001755,1975,2456,1136,3182,1837,1547,1969,2550,1121,3178,1885,1547
15.924442993000412,1972,2439,1133,3182,1858,1544,1970,2549,1125,3178,1878,1547
15.957758622000256,1979,2445,1131,3182,1818,1544,1969,2550,1128,3179,1866,1547
15.990692121000393,1970,2419,1172,3182,1762,1548,1968,2541,1135,3180,1854,1547
16.024570722000135,1965,2405,1197,3182,1728,1544,1970,2528,1135,3180,1840,1547
16.057469615001537,1969,2383,1141,3182,1700,1505,1972,2507,1146,3180,1814,1547
16.091126979001274,1983,2358,1144,3182,1668,1491,1972,2481,1170,3180,1778,1547
16.124821732000783,1975,2339,1204,3182,1638,1407,1972,2460,1185,3180,1749,1535
16.157727048001107,1941,2324,1257,3182,1606,1402,1972,2446,1186,3180,1718,1516
16.191123129001426,1947,2307,1298,3182,1573,1402,1972,2429,1185,3180,1686,1488
16.225181068000893,1961,2284,1302,3182,1540,1402,1966,2406,1191,3180,1651,1454
16.258045566000874,1950,2258,1327,3161,1511,1402,1961,2380,1218,3180,1621,1434
16.291575550001653,1938,2232,1363,3182,1479,1402,1958,2354,1253,3180,1590,1423
16.324720527001773,1916,2211,1398,3172,1447,1402,1956,2332,1289,3175,1559,1415
16.358068206000098,1904,2191,1433,3182,1413,1402,1953,2312,1321,3172,1527,1414
16.391724418001104,1908,2169,1468,3182,1383,1402,1943,2289,1357,3174,1494,1410
16.425305598000705,1896,2146,1502,3182,1351,1402,1933,2267,1391,3176,1464,1408
16.458599095001773,1885,2123,1535,3182,1319,1402,1921,2243,1425,3178,1432,1406
16.492099052000412,1885,2099,1570,3182,1287,1402,1910,2220,1460,3179,1400,1406
16.524998045000757,1874,2076,1605,3162,1255,1402,1904,2197,1493,3179,1369,1406
16.55826782800068,1933,2098,1480,3177,1389,1402,1899,2173,1527,3179,1336,1406
16.59215349200167,1942,2092,1481,3176,1388,1402,1893,2150,1561,3175,1303,1406
16.70552632900035,1940,2072,1522,3151,1383,1402,1926,2140,1553,3175,1325,1406
16.738590324001052,1932,2064,1513,3149,1389,1402,1932,2140,1533,3175,1350,1406
16.772118714001408,1944,2099,1513,3139,1405,1402,1933,2128,1523,3167,1363,1406
16.805316742000286,1941,2155,1470,3134,1398,1402,1931,2114,1525,3159,1371,1406
16.83904790500128,1904,2150,1456,3125,1381,1402,1930,2111,1525,3151,1385,1406
16.872247374001745,1905,2165,1417,3125,1280,1402,1931,2125,1515,3145,1388,1406
16.905788479001785,1908,2162,1458,3106,1288,1402,1932,2147,1495,3139,1381,1406
16.93914964400028,1917,2162,1479,3090,1276,1402,1925,2164,1476,3135,1365,1406
16.972599185000945,1914,2138,1545,3063,1295,1402,1922,2169,1466,3123,1339,1406
17.005593799000053,1909,2162,1530,3056,1300,1402,1917,2165,1464,3108,1312,1406
17.03921642700152,1923,2155,1549,3073,1301,1402,1916,2157,1479,3091,1302,1406
17.07226706700021,1955,2170,1539,3077,1341,1402,1916,2154,1504,3079,1305,1406
17.106122494000374,1985,2171,1553,3074,1331,1402,1920,2162,1526,3080,1306,1406
17.139450386001045,1972,2172,1541,3069,1322,1402,1933,2176,1534,3081,1312,1406
17.17251946000033,1969,2193,1509,3079,1341,1402,1950,2181,1542,3079,1320,1406
17.206144623,1986,2217,1503,3069,1350,1402,1966,2181,1546,3077,1319,1406
17.23967163100133,1978,2202,1525,3072,1319,1402,1968,2187,1536,3078,1325,1406
17.27278747300079,1986,2204,1534,3065,1326,1402,1973,2202,1526,3075,1336,1406
17.30614467000123,1984,2226,1513,3067,1337,1402,1973,2211,1530,3075,1332,1406
17.339993826000864,1978,2250,1500,3065,1334,1402,1975,2216,1538,3073,1327,1406
17.373114507001446,1971,2271,1469,3059,1324,1402,1979,2225,1536,3073,1331,1406
17.40664429000026,1971,2269,1502,3047,1348,1402,1982,2241,1525,3071,1329,1406
17.43994334800118,1987,2286,1483,3048,1361,1402,1982,2259,1512,3067,1327,1406
17.47321976300009,1975,2280,1497,3043,1350,1402,1981,2271,1506,3059,1334,1406
17.50654686300004,1981,2280,1504,3039,1352,1402,1979,2283,1506,3057,1348,1406
17.540007897001487,1986,2275,1533,3025,1344,1402,1980,2286,1506,3052,1349,1406
17.57403094000074,1977,2277,1551,2998,1345,1402,1983,2286,1510,3047,1348,1406
17.6070393300015,1983,2280,1571,3000,1347,1402,1985,2286,1520,3037,1346,1406
17.640225074001137,1983,2288,1557,2994,1343,1402,1985,2286,1539,3022,1345,1406
17.67391940700145,1981,2262,1596,2997,1339,1402,1985,2287,1557,3014,1345,1406
17.707347067000228,1982,2274,1606,2984,1338,1402,1984,2294,1560,3009,1347,1406
17.740713693001453,1990,2270,1604,2966,1332,1402,1984,2295,1567,3006,1345,1406
17.773916399000882,1993,2270,1619,2962,1317,1402,1985,2291,1582,2995,1342,1406
17.807340432000274,1988,2260,1605,2952,1303,1402,1986,2290,1598,2983,1337,1406
17.84084057900145,1988,2280,1618,2942,1302,1402,1987,2292,1609,2976,1328,1406
17.87454877900018,1978,2273,1627,2919,1299,1402,1988,2295,1612,2967,1317,1406
17.907664030000888,1981,2261,1631,2916,1294,1402,1989,2295,1614,2957,1310,1406
17.941259877001357,1976,2272,1630,2911,1292,1402,1988,2292,1624,2943,1306,1406
17.97434542300107,1970,2279,1621,2926,1296,1402,1986,2290,1628,2932,1303,1406
18.00781633400038,1965,2283,1611,2934,1300,1402,1982,2293,1629,2927,1300,1406
18.041214079001293,1967,2294,1608,2914,1278,1402,1979,2295,1629,2929,1300,1406
18.074588268000298,1962,2295,1628,2921,1282,1402,1976,2295,1629,2932,1298,1406
18.1077854640007,1961,2292,1634,2911,1276,1402,1974,2299,1629,2926,1294,1406
18.14153642400015,1960,2289,1612,2914,1308,1402,1971,2302,1632,2922,1287,1406
18.174897448001502,1973,2321,1594,2934,1354,1402,1969,2304,1638,2921,1285,1406
18.20821706500101,1974,2329,1545,2941,1325,1402,1969,2305,1637,2920,1289,1406
18.241410834001726,1973,2334,1528,2951,1341,1402,1971,2312,1625,2926,1311,1406
18.27496806900126,1967,2328,1533,2946,1329,1402,1972,2326,1605,2936,1331,1406
18.308246868000424,1962,2352,1491,2962,1347,1402,1972,2337,1582,2940,1333,1406
18.341665442001613,1962,2341,1486,2947,1356,1402,1972,2339,1576,2941,1328,1406
18.45425961000001,1955,2324,1525,2927,1338,1402,1968,2354,1528,2949,1348,1406
18.487260946001697,1958,2330,1519,2925,1350,1402,1969,2354,1525,2948,1348,1406
18.52106654900126,1948,2328,1501,2944,1339,1402,1969,2353,1526,2941,1342,1406
18.554859789001057,1946,2343,1449,2969,1342,1402,1967,2353,1529,2937,1343,1406
18.587714849001713,1948,2347,1451,2973,1339,1402,1961,2354,1526,2943,1343,1406
18.62103829300031,1964,2337,1445,2988,1302,1402,1958,2358,1512,2956,1343,1406
18.654217345001598,1959,2317,1476,2969,1327,1402,1955,2359,1496,2964,1343,1406
18.687667688000147,1954,2342,1454,2973,1341,1402,1956,2358,1485,2973,1333,1406
18.721244670001397,1962,2319,1444,2981,1343,1402,1958,2354,1486,2975,1323,1406
18.75459649700133,1967,2317,1486,2975,1340,1402,1960,2354,1487,2974,1326,1406
18.78829543900065,1968,2329,1477,2957,1344,1402,1962,2356,1484,2977,1335,1406
18.82128431199999,1971,2320,1506,2921,1314,1402,1963,2356,1480,2976,1335,1406
18.854598348001673,1967,2326,1497,2927,1293,1402,1963,2354,1482,2968,1337,1406
18.88851799600161,1978,2298,1498,2922,1308,1402,1965,2351,1496,2950,1329,1406
18.922343196001748,1967,2301,1505,2922,1277,1402,1966,2353,1504,2939,1313,1406
18.955006485000922,1979,2317,1493,2920,1301,1402,1968,2356,1506,2937,1306,1406
18.988343564000388,1969,2300,1524,2928,1258,1402,1970,2355,1508,2934,1305,1406
19.021864862001166,1974,2326,1514,2927,1261,1402,1973,2353,1507,2931,1299,1406
19.055437745000745,1974,2308,1531,2920,1252,1402,1973,2350,1510,2931,1296,1406
19.0884168900011,1981,2318,1536,2908,1264,1402,1973,2349,1516,2931,1280,1406
19.12214669000059,1974,2324,1518,2910,1300,1402,1973,2350,1527,2927,1269,1406
19.155610088000685,1977,2332,1526,2897,1279,1402,1974,2351,1535,2921,1271,1406
19.188689562000945,1969,2340,1495,2909,1253,1402,1975,2351,1535,2919,1279,1406
19.222065674000987,1975,2300,1551,2890,1282,1402,1976,2351,1535,2911,1288,1406
19.255937974001426,1975,2331,1528,2896,1283,1402,1976,2350,1534,2911,1283,1406
19.28895318600007,1974,2330,1492,2901,1272,1402,1974,2350,1534,2910,1278,1406
19.322652328000913,1979,2343,1481,2925,1281,1402,1974,2350,1537,2906,1279,1406
19.355662201000086,1984,2337,1500,2898,1278,1402,1975,2352,1533,2906,1277,1406
19.38927327700003,1981,2332,1491,2909,1288,1402,1976,2356,1519,2912,1278,1406
19.423417268000776,1984,2334,1486,2907,1264,1402,1978,2356,1515,2917,1278,1406
19.456017357000746,1983,2319,1503,2909,1244,1402,1978,2356,1515,2912,1280,1406
19.489342505001332,1974,2286,1508,2917,1246,1402,1978,2356,1514,2912,1276,1406
19.523193483000796,1993,2298,1516,2902,1269,1402,1977,2356,1516,2912,1261,1406
19.55620613100109,1993,2308,1527,2909,1283,1402,1977,2352,1518,2913,1257,1406
19.58966096200129,1990,2296,1530,2917,1262,1402,1978,2348,1522,2911,1262,1406
19.623197829001583,1985,2288,1538,2918,1255,1402,1982,2347,1527,2910,1271,1406
19.656531702001303,1989,2273,1516,2915,1249,1402,1986,2347,1532,2915,1267,1406
19.689876837001066,1990,2279,1509,2957,1236,1402,1989,2346,1538,2916,1260,1406
19.722976699000355,1996,2269,1474,3003,1180,1402,1990,2346,1537,2916,1255,1406
19.756428595001125,2004,2254,1473,3026,1149,1402,1990,2344,1533,2925,1246,1406
19.79008513700137,2001,2235,1472,3030,1137,1402,1987,2337,1523,2954,1227,1406
19.823246455000117,2008,2211,1484,3027,1149,1402,1990,2329,1513,2983,1198,1406
19.857290137000746,2006,2231,1548,2961,1178,1402,1993,2314,1510,3002,1172,1406
19.89051446400117,2005,2190,1581,2964,1160,1402,2001,2294,1510,3008,1163,1406
19.92391024400058,2012,2195,1605,2958,1171,1402,2002,2278,1515,3004,1169,1406
19.957579901001736,2017,2211,1603,2939,1174,1402,2003,2262,1540,2987,1173,1406
19.990424391000488,2034,2204,1597,2933,1174,1402,2002,2248,1570,2974,1174,1406
20.023925680001412,2026,2227,1552,2948,1173,1402,2005,2248,1588,2962,1175,1406
20.057440274000328,2013,2251,1550,2961,1182,1402,2012,2250,1589,2953,1175,1406
20.090783987001487,2024,2264,1521,2960,1179,1402,2020,2250,1589,2955,1175,1406
20.207114821001596,2039,2279,1560,2943,1199,1402,2019,2272,1553,2959,1177,1406
20.240601122000953,2043,2263,1550,2949,1206,1402,2018,2274,1553,2959,1177,1406
20.274006070001633,2041,2281,1545,2945,1200,1402,2024,2278,1553,2953,1185,1406
20.307293856001706,2045,2279,1562,2930,1185,1402,2029,2280,1556,2953,1193,1406
20.340525787001752,2042,2275,1569,2929,1190,1402,2037,2284,1557,2951,1193,1406
20.373967995001294,2030,2286,1561,2903,1185,1402,2040,2289,1564,2943,1188,1406
20.40742987000158,2027,2277,1569,2910,1141,1402,2040,2289,1570,2939,1188,1406
20.44100518900086,2035,2285,1555,2907,1155,1402,2036,2291,1571,2927,1187,1406
20.474087037000572,2025,2290,1560,2906,1138,1402,2031,2291,1572,2918,1176,1406
20.507540536000306,2021,2294,1562,2903,1160,1402,2030,2294,1572,2918,1163,1406
20.54094312900088,2022,2290,1559,2904,1146,1402,2029,2298,1572,2916,1154,1406
20.574287452000135,2031,2268,1584,2896,1146,1402,2029,2301,1573,2912,1154,1406
20.60810835400116,2028,2263,1593,2907,1130,1402,2029,2301,1573,2912,1155,1406
20.64123552700039,2035,2266,1588,2911,1148,1402,2029,2300,1580,2907,1150,1406
20.674643180000203,2040,2242,1552,2930,1143,1402,2027,2297,1589,2911,1142,1406
20.708031165000648,2044,2278,1574,2925,1156,1402,2028,2299,1589,2911,1140,1406
20.741437145001328,2050,2273,1583,2904,1127,1402,2031,2299,1589,2920,1143,1406
20.77501042900076,2043,2283,1589,2900,1150,1402,2038,2299,1587,2921,1148,1406
20.808404346000316,2046,2298,1585,2907,1148,1402,2043,2297,1588,2912,1146,1406
20.841518124001595,2054,2306,1594,2906,1138,1402,2044,2297,1593,2909,1142,1406
20.874750977000076,2055,2325,1577,2919,1157,1402,2044,2305,1594,2910,1145,1406
20.908669974000077,2058,2344,1549,2907,1153,1402,2042,2315,1598,2910,1143,1406
20.941663676001554,2054,2348,1550,2909,1151,1402,2044,2326,1597,2913,1147,1406
20.974889686000097,2053,2367,1548,2909,1174,1402,2047,2342,1585,2913,1150,1406
21.008684919001098,2045,2368,1511,2925,1158,1402,2050,2351,1580,2911,1150,1406
21.041683530000228,2048,2373,1536,2919,1181,1402,2051,2362,1578,2912,1156,1406
21.075107924001713,2048,2384,1517,2928,1168,1402,2051,2371,1568,2917,1165,1406
21.10859251200054,2047,2379,1536,2920,1161,1402,2048,2377,1559,2918,1170,1406
21.142143515000498,2048,2383,1529,2930,1168,1402,2046,2383,1554,2920,1169,1406
21.17563441400125,2059,2385,1500,2920,1172,1402,2045,2384,1554,2922,1165,1406
21.208857208001064,2048,2376,1467,2931,1134,1402,2045,2389,1553,2923,1167,1406
21.242136168000798,2048,2369,1480,2929,1151,1402,2049,2393,1544,2924,1169,1406
21.275517291000142,2055,2361,1503,2928,1141,1402,2052,2393,1527,2926,1162,1406
21.30927772800169,2063,2356,1496,2928,1144,1402,2053,2389,1514,2926,1151,1406
21.342407818001448,2050,2379,1505,2935,1153,1402,2054,2385,1513,2926,1150,1406
21.37592878400028,2044,2345,1509,2928,1126,1402,2053,2384,1515,2926,1150,1406
21.409029637999993,2045,2336,1531,2918,1115,1402,2051,2391,1517,2929,1150,1406
21.442708821999986,2048,2326,1512,2943,1149,1402,2051,2394,1518,2928,1142,1406
21.476109271001405,2050,2322,1440,2984,1109,1402,2051,2391,1525,2925,1130,1406
21.509251192001102,2042,2316,1439,2980,1109,1402,2051,2382,1530,2934,1129,1406
21.543036567001764,2036,2312,1427,3018,1122,1402,2050,2378,1522,2954,1129,1406
21.57625355000164,2029,2287,1468,3009,1126,1402,2048,2378,1501,2969,1120,1406
21.609652617000393,2039,2301,1462,3012,1117,1402,2045,2377,1479,2985,1117,1406
21.642835485001342,2051,2277,1467,3021,1111,1402,2041,2366,1472,2998,1123,1406
21.6766799620018,2053,2255,1488,3042,1103,1402,2038,2352,1475,3001,1119,1406
21.709811393000564,2068,2261,1487,3042,1106,1402,2040,2340,1478,3010,1115,1406
21.743027364000227,2064,2265,1485,3046,1105,1402,2044,2328,1484,3022,1111,1406
21.776557918001345,2071,2301,1494,3018,1095,1402,2054,2322,1488,3031,1110,1406
21.80991117800113,2050,2298,1443,3035,1069,1402,2060,2321,1488,3036,1110,1406
21.843654764001258,2070,2332,1449,3019,1094,1402,2063,2321,1492,3032,1102,1406
21.957934130001377,2058,2301,1463,3011,1111,1402,2060,2336,1475,3026,1091,1406
21.99130327000057,2059,2311,1463,2989,1094,1402,2062,2338,1475,3026,1092,1406
22.024429752000287,2067,2297,1432,2992,1127,1402,2066,2339,1476,3020,1097,1406
22.058000953000374,2066,2287,1455,2990,1117,1402,2067,2339,1477,3010,1099,1406
22.091404207001688,2058,2284,1434,2999,1110,1402,2067,2338,1471,3004,1102,1406
22.12500105700019,2061,2306,1423,2992,1061,1402,2064,2336,1463,3002,1109,1406
22.157885272001295,2062,2318,1437,2980,1086,1402,2061,2336,1461,3002,1107,1406
22.191455180000048,2073,2276,1418,2993,1049,1402,2061,2336,1455,2999,1099,1406
22.224713732000964,2067,2319,1389,2990,1058,1402,2061,2337,1455,2992,1089,1406
22.258400821001487,2065,2293,1442,2974,1061,1402,2064,2336,1454,2994,1079,1406
22.291609709000113,2051,2308,1436,2983,1072,1402,2067,2337,1442,2994,1069,1406
22.324991452000177,2042,2322,1447,2979,1064,1402,2069,2337,1431,2986,1069,1406
22.358581860000413,2042,2315,1442,2970,1055,1402,2065,2334,1431,2984,1068,1406
22.39190585400138,2037,2321,1459,2975,1040,1402,2059,2333,1441,2984,1066,1406
22.42528161700102,2043,2332,1448,2970,1059,1402,2050,2336,1448,2979,1061,1406
22.45851056200081,2036,2330,1452,2973,1076,1402,2045,2339,1458,2979,1053,1406
22.492032931000722,2039,2332,1460,2977,1067,1402,2044,2341,1459,2978,1052,1406
22.52564716300003,2027,2322,1488,2958,1077,1402,2045,2341,1459,2978,1063,1406
22.558651685001678,2035,2336,1502,2955,1082,1402,2046,2340,1463,2978,1067,1406
22.592256439000266,2034,2352,1474,2955,1114,1402,2043,2340,1475,2971,1067,1406
22.625512385000548,2033,2364,1462,2933,1088,1402,2041,2344,1491,2966,1075,1406
22.659025427001325,2027,2339,1494,2934,1105,1402,2035,2357,1493,2962,1087,1406
22.692231920000268,2030,2352,1486,2937,1104,1402,2035,2368,1490,2953,1097,1406
22.725676592001037,2017,2375,1424,2989,1134,1402,2034,2369,1490,2948,1097,1406
22.759405060000063,2021,2353,1449,2954,1156,1402,2036,2367,1494,2946,1097,1406
22.792595392000294,2026,2348,1453,2949,1159,1402,2033,2369,1491,2952,1108,1406
22.8261126410016,2018,2359,1441,2931,1163,1402,2031,2379,1479,2959,1130,1406
22.859406660001696,2029,2368,1413,2943,1175,1402,2026,2382,1477,2954,1143,1406
22.89273087500078,2025,2357,1439,2944,1154,1402,2023,2382,1476,2944,1150,1406
22.926150059000065,2031,2351,1446,2941,1141,1402,2024,2381,1462,2945,1158,1406
22.95958379000149,2042,2363,1443,2939,1143,1402,2027,2379,1452,2945,1158,1406
22.993154480000157,2057,2364,1446,2931,1135,1402,2030,2377,1455,2945,1148,1406
23.026608170001055,2056,2359,1473,2926,1124,1402,2034,2379,1457,2944,1147,1406
23.059727939000368,2054,2360,1461,2909,1132,1402,2040,2381,1459,2939,1143,1406
23.093537790000482,2061,2343,1487,2907,1123,1402,2046,2380,1467,2935,1135,1406
23.12670190300014,2058,2333,1509,2890,1122,1402,2050,2378,1474,2925,1135,1406
23.16010306300086,2050,2333,1536,2888,1114,1402,2053,2377,1483,2918,1131,1406
23.193759725001655,2064,2351,1513,2897,1115,1402,2053,2376,1501,2908,1128,1406
23.22677433700119,2053,2338,1492,2899,1119,1402,2052,2376,1519,2903,1123,1406
23.260335499000576,2058,2337,1503,2911,1091,1402,2051,2378,1527,2903,1121,1406
23.29351204500017,2058,2331,1514,2901,1109,1402,2052,2379,1526,2903,1120,1406
23.327008615000523,2061,2342,1474,2908,1117,1402,2056,2378,1522,2904,1111,1406
23.360561882000184,2055,2339,1481,2901,1112,1402,2057,2375,1521,2905,1101,1406
23.393705467000473,2064,2325,1496,2890,1086,1402,2059,2375,1523,2905,1107,1406
23.42743493600028,2064,2342,1509,2880,1101,1402,2058,2378,1519,2905,1112,1406
23.46077391900144,2061,2352,1506,2867,1088,1402,2057,2379,1515,2899,1103,1406
23.494208823000008,2064,2362,1499,2862,1116,1402,2057,2376,1515,2891,1095,1406
23.527399697000874,2052,2366,1493,2857,1113,1402,2058,2375,1517,2882,1095,1406
23.560967912000706,2049,2380,1451,2901,1075,1402,2058,2376,1515,2874,1099,1406
23.594156351000493,2070,2378,1490,2895,1082,1402,2059,2379,1515,2870,1107,1406
23.706474398000864,2071,2374,1473,2896,1086,1402,2059,2388,1500,2890,1088,1406
23.740097366000555,2073,2372,1487,2888,1098,1402,2063,2388,1501,2892,1087,1406
23.772659714000838,2066,2361,1505,2894,1091,1402,2067,2389,1501,2892,1087,1406
23.80599053200058,2079,2380,1486,2891,1070,1402,2069,2389,1501,2892,1088,1406
23.83921565000128,2070,2354,1509,2905,1058,1402,2069,2388,1508,2892,1089,1406
23.8725062120011,2077,2357,1500,2890,1076,1402,2067,2389,1509,2892,1080,1406
23.905831469000987,2074,2360,1503,2895,1052,1402,2066,2391,1511,2897,1070,1406
23.939154612000493,2087,2345,1506,2893,1063,1402,2067,2391,1513,2897,1074,1406
23.97252753900102,2086,2337,1519,2889,1055,1402,2071,2391,1513,2896,1073,1406
24.006000895000398,2082,2330,1516,2889,1051,1402,2076,2388,1513,2896,1067,1406
24.039486454001235,2073,2338,1511,2886,1060,1402,2080,2383,1518,2896,1062,1406
24.072983906000445,2084,2333,1528,2886,1061,1402,2082,2382,1519,2896,1059,1406
24.106606985000326,2081,2351,1507,2881,1065,1402,2082,2382,1519,2894,1059,1406
24.13975852400108,2077,2331,1532,2885,1065,1402,2082,2382,1526,2893,1060,1406
24.173245997000777,2070,2325,1521,2888,1038,1402,2079,2382,1528,2890,1062,1406
24.206985536000502,2076,2335,1535,2893,1063,1402,2078,2382,1530,2891,1062,1406
24.239978757001154,2080,2354,1519,2875,1064,1402,2078,2382,1531,2891,1054,1406
24.27353143200162,2081,2368,1502,2883,1086,1402,2079,2382,1533,2890,1048,1406
24.306980623001436,2084,2350,1526,2888,1091,1402,2080,2382,1535,2886,1053,1406
24.340192807001586,2093,2363,1527,2877,1061,1402,2082,2384,1530,2885,1071,1406
24.373980015001507,2098,2370,1528,2872,1081,1402,2082,2384,1529,2887,1077,1406
24.40757949900035,2094,2376,1521,2882,1069,1402,2083,2383,1533,2883,1072,1406
24.440457052000056,2093,2392,1508,2879,1073,1402,2085,2383,1535,2880,1066,1406
24.473652865000986,2095,2380,1518,2883,1089,1402,2087,2385,1535,2882,1069,1406
24.508378232001633,2093,2389,1521,2874,1087,1402,2092,2393,1534,2882,1071,1406
24.540737046001595,2095,2408,1510,2875,1104,1402,2094,2396,1534,2881,1077,1406
24.57370172300034,2089,2396,1517,2875,1084,1402,2094,2399,1535,2880,1081,1406
24.607402629000717,2089,2385,1528,2875,1106,1402,2093,2408,1534,2879,1089,1406
24.641585353001574,2092,2383,1540,2854,1111,1402,2090,2410,1534,2879,1093,1406
24.674862259000292,2080,2390,1530,2854,1109,1402,2088,2411,1539,2879,1095,1406
24.70733594000012,2084,2385,1503,2870,1150,1402,2088,2411,1544,2871,1102,1406
24.740607566000108,2074,2361,1497,2884,1152,1402,2089,2411,1543,2866,1103,1406
24.774145624000084,2072,2340,1454,2886,1191,1402,2089,2410,1535,2871,1113,1406
24.80768653800078,2059,2307,1479,2904,1228,1402,2086,2410,1529,2879,1132,1406
24.841710533000878,2056,2311,1454,2911,1221,1402,2083,2403,1521,2882,1154,1406
24.874573889001113,2045,2301,1487,2923,1237,1402,2075,2392,1511,2892,1181,1406
24.907675073000064,2047,2297,1498,2908,1260,1402,2068,2380,1499,2901,1201,1406
24.941032080001605,2041,2274,1498,2943,1267,1402,2060,2366,1494,2909,1214,1406
24.974647725000978,2043,2231,1513,2948,1313,1402,2053,2352,1502,2909,1229,1406
25.007922667000457,2055,2257,1516,2950,1308,1402,2048,2341,1506,2910,1248,1406
25.041565292000087,2057,2306,1509,2926,1271,1402,2047,2327,1512,2926,1263,1406
25.07497451800009,2049,2274,1521,2927,1282,1402,2049,2313,1517,2936,1281,1406
25.107995591000872,2054,2292,1551,2931,1269,1402,2055,2307,1516,2932,1285,1406
25.142177904001073,2047,2274,1527,2957,1288,1402,2055,2306,1520,2930,1278,1406
25.1753003190006,2051,2271,1525,2986,1224,1402,2056,2307,1536,2933,1274,1406
25.20860440600154,2066,2289,1524,2964,1190,1402,2054,2311,1544,2943,1278,1406
25.241639375000887,2064,2313,1522,2977,1186,1402,2051,2313,1545,2962,1282,1406
25.275022531001014,2062,2296,1527,2964,1189,1402,2053,2311,1544,2969,1269,1406
25.308908806000545,2038,2313,1470,2987,1241,1402,2056,2313,1541,2968,1240,1406
25.344960024000102,2047,2306,1488,2975,1256,1402,2059,2317,1541,2967,1214,1406
25.455871548001596,2054,2334,1479,2972,1254,1402,2048,2319,1524,2974,1244,1406
25.487504463000732,2044,2329,1498,2959,1236,1402,2048,2317,1516,2974,1246,1406
25.521127913001692,2043,2319,1524,2950,1260,1402,2048,2326,1508,2974,1246,1406
25.554779365000286,2054,2347,1504,2936,1252,1402,2051,2335,1511,2968,1242,1406
25.587708495000697,2047,2336,1518,2932,1244,1402,2052,2338,1525,2961,1241,1406
25.62300501000027,2054,2333,1518,2920,1289,1402,2053,2342,1528,2952,1248,1406
25.654821641001035,2045,2313,1544,2921,1287,1402,2053,2344,1527,2945,1245,1406
25.688169952001772,2032,2329,1511,2912,1270,1402,2051,2344,1527,2936,1253,1406
25.721750350001457,2035,2324,1514,2920,1265,1402,2050,2344,1534,2931,1270,1406
25.754787023000972,2024,2320,1537,2923,1264,1402,2045,2344,1542,2926,1272,1406
25.789887618000648,2022,2325,1544,2927,1250,1402,2042,2346,1542,2927,1267,1406
25.821832151001217,2018,2327,1531,2926,1257,1402,2036,2346,1540,2927,1265,1406
25.85499085400079,2038,2349,1515,2931,1250,1402,2032,2344,1542,2927,1259,1406
25.888646744000653,2030,2361,1487,2952,1265,1402,2027,2343,1547,2927,1259,1406
25.921650385000248,2034,2354,1501,2920,1248,1402,2026,2352,1544,2928,1258,1406
25.95505563200095,2037,2367,1497,2921,1251,1402,2028,2364,1530,2938,1258,1406
25.989854328001456,2041,2366,1511,2914,1261,1402,2034,2366,1526,2941,1259,1406
26.02224182700047,2042,2384,1497,2914,1258,1402,2036,2369,1524,2931,1253,1406
26.055623129001106,2037,2378,1499,2919,1262,1402,2038,2370,1524,2924,1257,1406
26.088772134000465,2040,2378,1490,2903,1257,1402,2038,2379,1523,2923,1259,1406
26.122240841001258,2036,2369,1501,2899,1266,1402,2036,2386,1522,2922,1259,1406
26.155661438000607,2029,2381,1479,2903,1270,1402,2036,2387,1522,2915,1259,1406
26.18951726600062,2033,2379,1511,2899,1270,1402,2037,2386,1522,2910,1262,1406
26.223951684001804,2035,2374,1507,2903,1265,1402,2037,2385,1517,2910,1264,1406
26.255770801000835,2037,2380,1521,2899,1272,1402,2037,2385,1513,2907,1264,1406
26.28901492500154,2028,2394,1507,2904,1286,1402,2036,2387,1519,2907,1265,1406
26.322819926001102,2035,2387,1518,2891,1299,1402,2036,2390,1524,2908,1269,1406
26.356019797000044,2032,2400,1503,2897,1302,1402,2035,2397,1524,2908,1274,1406
26.38967930400031,2033,2423,1487,2888,1341,1402,2035,2400,1524,2902,1287,1406
26.42316270900119,2026,2410,1459,2901,1319,1402,2035,2405,1524,2902,1291,1406
26.455973717000234,2023,2405,1488,2894,1302,1402,2035,2417,1514,2899,1302,1406
26.489600161999988,2014,2355,1483,2916,1312,1402,2033,2425,1501,2901,1313,1406
26.52322097600154,2022,2394,1492,2898,1320,1402,2030,2426,1498,2902,1310,1406
26.556750558000203,2017,2390,1493,2893,1311,1402,2027,2423,1498,2902,1306,1406
26.59050518500044,2023,2398,1513,2866,1310,1402,2024,2418,1501,2902,1312,1406
26.624097295001775,2023,2355,1510,2877,1308,1402,2021,2418,1501,2898,1312,1406
26.65639401200133,2018,2375,1518,2860,1291,1402,2020,2419,1509,2889,1311,1406
26.68969497300168,2009,2369,1469,2895,1301,1402,2020,2420,1514,2880,1310,1406
26.723139986001115,2019,2386,1479,2876,1296,1402,2022,2420,1516,2875,1303,1406
26.757241176001116,2022,2396,1468,2886,1305,1402,2022,2419,1516,2880,1300,1406
26.790796868001053,2009,2397,1446,2903,1319,1402,2022,2419,1506,2885,1301,1406
26.823873005001587,2017,2400,1445,2905,1297,1402,2021,2420,1500,2885,1304,1406
26.85710262200155,2029,2403,1453,2893,1323,1402,2019,2420,1489,2893,1310,1406
26.89014748000045,2015,2387,1453,2905,1305,1402,2018,2420,1482,2897,1305,1406
26.923877410001296,2013,2382,1465,2900,1304,1402,2018,2419,1481,2895,1301,1406
26.957250547000513,2025,2370,1492,2893,1279,1402,2019,2419,1480,2897,1303,1406
26.990746796000167,2021,2357,1512,2888,1274,1402,2020,2419,1481,2899,1303,1406
27.024521972000002,2016,2363,1505,2892,1265,1402,2022,2419,1490,2896,1296,1406
27.057402770000408,2020,2429,1395,2931,1338,1402,2022,2414,1505,2894,1287,1406
27.091811390000657,2034,2456,1408,2910,1328,1402,2022,2414,1508,2895,1279,1406
27.205197190000035,2037,2448,1413,2912,1332,1402,2027,2453,1448,2911,1314,1406
27.24053929100046,2044,2439,1388,2906,1347,1402,2028,2459,1445,2911,1319,1406
27.271719392001614,2042,2446,1381,2913,1329,1402,2031,2460,1445,2911,1324,1406
27.305017759001203,2036,2428,1351,2914,1341,1402,2035,2459,1437,2912,1333,1406
27.33866659600062,2029,2444,1355,2922,1320,1402,2039,2458,1421,2912,1335,1406
27.371872358000473,2037,2441,1359,2934,1304,1402,2039,2457,1405,2912,1333,1406
27.40529603000141,2032,2445,1338,2943,1310,1402,2039,2457,1393,2917,1331,1406
27.43977597400044,2031,2422,1361,2946,1284,1402,2037,2457,1389,2926,1319,1406
27.47215581800083,2024,2435,1357,2948,1287,1402,2035,2458,1380,2935,1314,1406
27.505414089000624,2027,2428,1375,2936,1287,1402,2034,2458,1376,2939,1311,1406
27.538923323001654,2029,2427,1381,2921,1301,1402,2033,2457,1376,2941,1298,1406
27.57234103400151,2028,2404,1393,2927,1296,1402,2033,2457,1380,2937,1296,1406
27.60549938600161,2010,2389,1400,2926,1302,1402,2032,2457,1386,2931,1298,1406
27.63888554800178,2014,2381,1422,2931,1288,1402,2031,2458,1394,2931,1298,1406
27.672315522000645,2002,2376,1409,2934,1289,1402,2027,2454,1401,2931,1298,1406
27.705789780000487,2000,2376,1384,2937,1309,1402,2024,2449,1412,2931,1294,1406
27.740240720000656,2008,2392,1411,2935,1314,1402,2016,2443,1417,2932,1294,1406
27.773067517000527,2009,2403,1392,2924,1318,1402,2011,2442,1414,2934,1300,1406
27.80703977400117,2023,2401,1417,2924,1342,1402,2008,2441,1410,2934,1306,1406
27.83949753500019,2032,2430,1384,2932,1334,1402,2008,2441,1409,2931,1312,1406
27.872817552000924,2025,2412,1383,2945,1349,1402,2012,2440,1413,2930,1321,1406
27.906119805000344,2046,2431,1398,2935,1356,1402,2019,2442,1418,2934,1331,1406
27.939765988001454,2033,2439,1382,2934,1347,1402,2025,2447,1415,2939,1336,1406
27.973721233000106,2041,2425,1363,2934,1363,1402,2033,2448,1412,2939,1343,1406
28.00654861000112,2042,2437,1357,2947,1369,1402,2036,2447,1411,2938,1343,1406
28.040265706000355,2043,2445,1360,2957,1375,1402,2037,2447,1400,2938,1351,1406
28.072999338000955,2043,2439,1376,2935,1371,1402,2037,2449,1391,2944,1359,1406
28.106500887000948,2050,2459,1336,2955,1392,1402,2036,2452,1389,2949,1365,1406
28.139940299000955,2044,2450,1334,2947,1351,1402,2035,2454,1389,2945,1366,1406
28.173718079000537,2048,2459,1305,2961,1374,1402,2037,2461,1388,2943,1375,1406
28.207132905001345,2041,2439,1322,2957,1376,1402,2039,2467,1375,2947,1380,1406
28.240671795001617,2040,2442,1310,2961,1372,1402,2043,2469,1358,2954,1376,1406
28.273878608000814,2040,2436,1311,2958,1369,1402,2044,2467,1350,2954,1375,1406
28.307139744001688,2045,2461,1313,2959,1375,1402,2045,2465,1345,2956,1374,1406
28.340636695000285,2042,2451,1315,2953,1371,1402,2043,2465,1339,2956,1374,1406
28.373595481001757,2036,2460,1337,2953,1378,1402,2041,2468,1339,2957,1376,1406
28.407096739001645,2026,2418,1337,2945,1375,1402,2040,2471,1339,2957,1375,1406
28.440959620000285,2038,2425,1322,2951,1389,1402,2039,2472,1343,2957,1375,1406
28.474446221000107,2027,2400,1346,2954,1398,1402,2039,2471,1345,2954,1375,1406
28.507594805001645,2029,2387,1357,2960,1396,1402,2040,2470,1345,2956,1380,1406
28.541134626000712,2035,2387,1368,2961,1388,1402,2038,2466,1347,2957,1388,1406
28.57441823500085,2031,2424,1377,2947,1377,1402,2037,2456,1358,2958,1388,1406
28.607821709001655,2025,2396,1366,2945,1419,1402,2035,2450,1368,2959,1387,1406
28.64080504100093,2030,2422,1359,2958,1416,1402,2034,2450,1373,2955,1383,1406
28.674397732000216,2040,2415,1340,2927,1444,1402,2032,2451,1373,2952,1385,1406
28.70761591700102,2032,2425,1356,2934,1441,1402,2032,2452,1374,2955,1401,1406
28.741747936001047,2038,2420,1336,2944,1462,1402,2033,2452,1372,2952,1420,1406
28.77457509300075,2038,2417,1319,2956,1516,1402,2034,2451,1369,2945,1426,1406
28.80807537000146,2042,2480,1296,2965,1469,1402,2035,2450,1365,2947,1436,1406
28.84139490600137,2037,2434,1363,2954,1493,1402,2036,2452,1353,2953,1461,1406
